Email,"Razón Social",Ciudad,WhatsApp,Código,Fecha,Control
josever1@hotmail.com,pagina,sincelejo,321837403444,inicio,"2023-08-12 00:00:00",2023812920
josveco@gmail.com,asdfasf,sicelejo,32432423434,inicio,"2023-08-12 00:00:00",2023812922
josveco@gmail.com,asdfasf,sicelejo,32432423434,inicio,"2023-08-06 00:00:00",2023861574
josveco@gmail.com,asdfasf,sicelejo,32432423434,inicio,"2023-08-08 00:00:00",2023881113
oscarcardona79.oc@gmail.com,LABORATORIO,SINCELEJO,3126869895,inicio,"2023-08-08 00:00:00",2023881415
josever1@hotmail.com,pagina,sincelejo,321837403444,inicio,"2023-08-08 00:00:00",2023881792
josever1@hotmail.com,pagina,sincelejo,321837403444,inicio,"2023-08-08 00:00:00",2023889224
